{
   "1":{
      "Nanggroe Aceh Darussalam":[
         "Kota Langsa",
         "Kota Lhokseumawe",
         "Kota Sabang",
         "Kota Banda Aceh",
         "Kab. Bener Meriah",
         "Kab. Aceh Tamiang",
         "Kab. Nagan Jaya",
         "Kab. Aceh Jaya",
         "Kab. Gayo Lues",
         "Kab. Aceh Barat Daya",
         "Kab. Bireun",
         "Kab. Aceh Singkil",
         "Kab. Simeulue",
         "Kab. Aceh Utara",
         "Kab. Pidie",
         "Kab. Aceh Besar",
         "Kab. Aceh Barat",
         "Kab. Tengah",
         "Kab. Aceh Timur",
         "Kab. Aceh Tenggara",
         "Kab. Aceh Selatan"
      ]
   },
   "2":{
      "Sumatera Utara":[
         "Kota Padang Sidempuan",
         "Kota Tebing Tinggi",
         "Kota Binjai",
         "Kota Tanjung Balai",
         "Kota Sibolga",
         "Kota Pematang Siantar",
         "Kota Medan",
         "Kab. Serdang Bedagai ",
         "Kab. Samosir ",
         "Kab. Humbang Hasundutan",
         "Kab. Pakpak Barat",
         "Kab. Nias Selatan",
         "Kab. Mandailing Natal",
         "Kab. Toba Samosir",
         "Kab. Dairi",
         "Kab. Labuhan Batu",
         "Kab. Asahan",
         "Kab. Simalungun",
         "Kab. Deli Serdang",
         "Kab. Karo",
         "Kab. Langkat",
         "Kab. Nias",
         "Kab. Tapanuli Selatan",
         "Kab. Tapanuli Utara",
         "Kab. Tapanuli Tengah"
      ]
   },
   "3":{
      "Sumatera Barat":[
         "Kota Pariaman",
         "Kota Payakumbuh",
         "Kota Bukittinggi",
         "Kota Padang Panjang",
         "Kota Sawhlunto",
         "Kota Solok",
         "Kota Padang",
         "Kab. Pasaman Barat ",
         "Kab. Solok Selatan ",
         "Kab. Dharmasraya",
         "Kab. Kepulauan Mentawai",
         "Kab. Pasaman ",
         "Kab. Lima Puluh Kota",
         "Kab. Agam",
         "Kab. Padang Pariaman",
         "Kab. Tanah Datar",
         "Kab. Sw.lunto",
         "Kab. Solok",
         "Kab.pesisir Selatan"
      ]
   },
   "4":{
      "Riau":[
         "Kota Dumai",
         "Kota Pekan Baru",
         "Kab. Kuantan Singingi",
         "Kab. Siak",
         "Kab. Rokan Hilir",
         "Kab. Rokan Hulu",
         "Kab. Pelalawan",
         "Kab. Indragiri Hilir",
         "Kab. Bengkalis",
         "Kab. Indragiri Hulu",
         "Kab. Kampar"
      ]
   },
   "5":{
      "Jambi":[
         "Kab. Kerinci",
         "Kab. Tebo",
         "Kab. Bungo",
         "Kab. Tanjung Jabung Timur",
         "Kab. Tanjung Jabung Barat",
         "Kab. Muaro Jambi",
         {
            "Kab. Batanghari":[
               "Mendalo"
            ]
         },
         "Kab. Sarolangun",
         "Kab. Merangin",
         {
            "Kota Jambi":[
               "Selamat",
               "Pematang Sulur",
               "Simpang Empat Sipin",
               "Penyengat Rendah",
               "Teluk Kenali",
               "Buluran Kenali",
               "Telanaipura",
               "Sungai Putri",
               "Solok Sipin",
               "Murni",
               "Legok",
               "Tanjung Johor",
               "Tahtul Yaman",
               "Tengah",
               "Jelmu",
               "Mudung Laut",
               "Arab Melayu",
               "Sungai Asam",
               "Pasar Jambi",
               "Beringin",
               "Orang Kayo Hitam ",
               "Mayang Mangurai",
               "Kenali Besar",
               "Beliung Patah",
               "Bagan Pete",
               "Paal Lima",
               "Kenali Asam Bawah",
               "Kenali Asam Atas",
               "Suka Karya",
               "Simpang Tiga Sipin",
               "Rawa Sari",
               "Kebun Handil",
               "Handil Jaya",
               "Jelutung",
               "Payo Lebar",
               "Lebak Bandung",
               "Cempaka Putih",
               "Talang Jauh",
               "Sijenjang ",
               "Selincah",
               "Tanjung Sari",
               "Tanjung Pinang",
               "Budiman",
               "Sulan Jana",
               "Rajawali",
               "Talang Banjar",
               "Kasang Jaya",
               "Kasang",
               "Tambak Sari",
               "Talang Bakung",
               "Pasir Putih",
               "Paal Merah",
               "Lingkar Selatan",
               "Eka Jaya",
               "The Hok",
               "Pakuan Baru",
               "Wijaya Pura",
               "Tanjung Raden",
               "Tanjung Pasir",
               "Olak Kemang",
               "Ulu Gedong"
            ]
         }
      ]
   },
   "6":{
      "Sumatera Selatan":[
         "Kota Prabumulih",
         "Kota Lubuk Linggau",
         "Kota Pagar Alam",
         "Kota Palembang",
         "Kab. Ogan Ilir ",
         "Kab. Oku Selatan ",
         "Kab. Oku Timur ",
         "Kab. Banyuasin",
         "Kab. Musi Banyuasin",
         "Kab. Musi Rawas",
         "Kab. Lahat",
         "Kab. Muara Enim",
         "Kab. Ogan Komering Ilir ",
         "Kab. Ogan Komering Ulu "
      ]
   },
   "7":{
      "Bengkulu":[
         "Kota Bengkulu",
         "Kab. Kepahiang ",
         "Kab. Lebong ",
         "Kab. Muko Muko",
         "Kab. Seluma",
         "Kab. Kaur",
         "Kab. Bengkulu Utara",
         "Kab. Rejang Lebong ",
         "Kab. Bengkulu Selatan"
      ]
   },
   "8":{
      "Lampung":[
         "Kota Metro",
         "Kota Bandar Lampung",
         "Kab. Way Kanan",
         "Kab. Lampung Timur",
         "Kab. Tanggamus",
         "Kab. Tulang Bawang",
         "Kab. Lampung Barat",
         "Kab. Lampung Utara",
         "Kab. Lampung Tengah",
         "Kab. Lampung Selatan"
      ]
   },
   "9":{
      "Kep Bangka Belitung":[
         "Kota Pangkal Pinang",
         "Kab. Bangka Timur",
         "Kab. Bangka Barat",
         "Kab. Bangka Tengah",
         "Kab. Bangka Selatan",
         "Kab. Belitung",
         "Kab. Bangka"
      ]
   },
   "10":{
      "Kep Riau":[
         "Kota Tanjung Pinang",
         "Kota Batam",
         "Kab. Lingga ",
         "Kab. Natuna",
         "Kab. Karimun",
         "Kab. Kepulauan Riau "
      ]
   },
   "11":{
      "Dki Jakarta":[
         "Kodya Jakarta Timur",
         "Kodya Jakarta Selatan",
         "Kodya Jakarta Barat",
         "Kodya Jakarta Utara",
         "Kodya Jakarta Pusat",
         "Kab.adm.kep.seribu"
      ]
   },
   "12":{
      "Jawa Barat":[
         "Kota Banjar",
         "Kota Tasikmalaya",
         "Kota Cimahi",
         "Kota Depok",
         "Kota Bekasi",
         "Kota Cirebon",
         "Kota Bandung",
         "Kota Sukabumi",
         "Kota Bogor",
         "Kab. Bekasi",
         "Kab. Karawang",
         "Kab. Purwakarta",
         "Kab. Subang",
         "Kab. Indramayu",
         "Kab. Sumedang",
         "Kab. Majalengka",
         "Kab. Cirebon",
         "Kab. Kuningan",
         "Kab. Ciamis",
         "Kab. Tasikmalaya",
         "Kab. Garut",
         "Kab. Bandung",
         "Kab. Cianjur",
         "Kab. Sukabumi",
         "Kab. Bogor"
      ]
   },
   "13":{
      "Jawa Tengah":[
         "Kota Tegal",
         "Kota Pekalongan",
         {
         "Kota Semarang":[
            "Kec. Tugu",
            "Kec. Ngaliyan",
            "Kec. Mijen",
            "Kec. Gunung Pati",
            "Kec. Semarang Barat",
            "Kec. Semarang Utara",
            "Kec. Genuk",
            "Kec. Pedurungan",
            "Kec. Gayamsari",
            "Kec. Semarang Timur",
            "Kec. Semarang Tengah",
            "Kec. Semarang Selatan",
            "Kec. Gajah Mungkur",
            "Kec. Candisari",
            "Kec. Tembalang",
            "Kec. Banyumanik"
           ]
         },    
         
         "Kota Salatiga",
         "Kota Surakarta",
         "Kota Magelang",
         "Kab. Brebes",
         "Kab. Tegal",
         "Kab. Pemalang",
         "Kab. Pekalongan",
		 {
		 "Kab. Batang" : [
		    "Kec. Wonotunggal",
			"Kec. Bandar",
			"Kec. Blado",
			"Kec. Reban",
			"Kec. Bawang",
			"Kec. Tersono",
			"Kec. Gringsing",
			"Kec. Limpung",
			"Kec. Subah",
			"Kec. Tulis",
			"Kec. Batang",
			"Kec. Warungasem",
			"Kec. Kandeman",
			"Kec. Pecalungan",
			"Kec. Banyuputih"
		 ]
		 },
         "Kab. Kendal",
         "Kab. Temanggung",
         "Kab. Semarang",
         "Kab. Demak",
         "Kab. Jepara",
         "Kab. Kudus",
         "Kab. Pati",
         "Kab. Rembang",
		 {
		 "Kab. Blora" : [
		    "Kec. Blora",
			"Kec. Jepon",
			"Kec. Bogorejo",
			"Kec. Jiken",
			"Kec. Sambong",
			"Kec. Cepu",
			"Kec. Kedungtuban",
			"Kec. Kradenan",
			"Kec. Randublatung",
			"Kec. Jati",
			"Kec. Banjarejo",
			"Kec. Tunjungan",
			"Kec. Japah",
			"Kec. Ngawen",
			"Kec. Todanan",
		 ]
		 },
         "Kab. Grobogan",
         "Kab. Sragen",
         "Kab. Karanganyar",
         "Kab. Wonogiri",
         "Kab. Sukoharjo",
         "Kab. Klaten",
         "Kab. Boyolali",
         "Kab. Magelang",
         "Kab. Wonosobo",
         "Kab. Purworejo",
         "Kab. Kebumen",
         "Kab. Banjarnegara",
         "Kab. Purbalingga",
		 {
		 "Kab. Banyumas" : [
			"Kec. Patikraja",
			"Kec. Kebasen",
			"Kec. Sokaraja",
			"Kec. Sumpiuh",
			"Kec. Tambak",
			"Kec. Gumelar",
			"Kec. Pekuncen",
			"Kec. Jatilawang",
			"Kec. Sumbang",
			"Kec. Baturraden",
			"Kec. Wangon",
			"Kec. Somagede",
			"Kec. Ajibarang",
			"Kec. Karang Lewas",
			"Kec. Kembaran",
			"Kec. Kalibagor"
		 ]
		 },
         "Kab. Cilacap"
      ]
   },
   "14":{
      "Di Jogjakarta":[
         "Kota Yogyakarta",
         "Kab. Sleman",
         "Kab. Gunung Kidul",
         "Kab. Bantul",
         "Kab. Kulon Progo"
      ]
   },
   "15":{
      "Jawa Timur":[
         "Batu",
         "Kota Surabaya",
         "Kota Madiun",
         "Kota Mojokerto",
         "Kota Pasuruan",
         "Kota Probolinggo",
         "Kota Malang",
         "Kota Blitar",
         "Kota Kediri",
         "Kab. Sumenep",
         "Kab. Pamekasan",
         "Kab. Sampang",
         "Kab. Bangkalan",
         "Kab. Gresik",
         "Kab. Lamongan",
         "Kab. Tuban",
         "Kab. Bojonegoro",
         "Kab. Ngawi",
         "Kab. Magetan",
         "Kab. Madiun",
         "Kab. Nganjuk",
         "Kab. Jombang",
         "Kab. Mojokerto",
         "Kab. Sidoarjo",
         "Kab. Pasuruan",
         "Kab. Probolinggo",
         "Kab. Situbondo",
         "Kab. Bondowoso",
         {
		 "Kab. Banyuwangi":[
			"Kec. Pesanggaran",
			"Kec. Bangorejo",
			"Kec. Purwoharjo",
			"Kec. Tegaldlimo",
			"Kec. Muncar",
			"Kec. Cluring",
			"Kec. Gambiran",
			"Kec. Srono",
			"Kec. Genteng",
			"Kec. Glenmore",
			"Kec. Kalibaru",
			"Kec. Singojuruh",
			"Kec. Rogojampi",
			"Kec. Kabat",
			"Kec. Glagah",
			"Kec. Banyuwangi",
			"Kec. Giri",
			"Kec. Wongsorejo",
			"Kec. Songgon",
			"Kec. Sempu",
			"Kec. Kalipuro",
			"Kec. Siliragung",
			"Kec. Tegalsari",
			"Kec. Licin"
			]
		 },
         "Kab. Jember",
         "Kab. Lumajang",
         "Kab. Malang",
         "Kab. Kediri",
         "Kab. Blitar",
         "Kab. Tulungagung",
         "Kab. Trenggalek",
         "Kab. Ponorogo",
         "Kab. Pacitan"
      ]
   },
   "16":{
      "Banten":[
         "Kota Cilegon",
         "Kota Tangerang",
         "Kab. Serang",
         "Kab. Tangerang",
         "Kab. Lebak",
         "Kab. Pandeglang"
      ]
   },
   "17":{
      "Bali":[
         "Kota Denpasar",
         "Kab. Buleleng",
         "Kab. Karangasem",
         "Kab. Bangli",
         "Kab. Klungkung",
         "Kab. Gianyar",
         "Kab. Badung",
         "Kab. Tabanan",
         "Kab. Jembarana"
      ]
   },
   "18":{
      "Nusa Tenggara Barat":[
         "Kota Bima",
         "Kota Mataram",
         "Kab. Sumbawa Barat",
         "Kab. Bima",
         "Kab. Dompu",
         "Kab. Sumbawa ",
         "Kab. Lombok Timur",
         "Kab. Lombok Tengah",
         "Kab. Lombok Barat"
      ]
   },
   "19":{
      "Nusa Tenggara Timur":[
         "Kota Kupang",
         "Kab. Manggarai Barat",
         "Kab. Rote Ndao",
         "Kab. Lembata",
         "Kab. Sumba Barat",
         "Kab. Sumba Timur",
         "Kab. Manggarai",
         "Kab. Ngada",
         "Kab. Ende",
         "Kab. Sikka",
         "Kab. Flores Timur",
         "Kab. Alor",
         "Kab. Belu",
         "Kab. Timor Tengah Utara",
         "Kab. Timor Tengah Selatan",
         "Kab. Kupang"
      ]
   },
   "20":{
      "Kalimantan Barat":[
         "Kota Singkawang",
         "Kota Pontianak",
         "Kab. Sekadau ",
         "Kab. Melawi ",
         "Kab. Landak",
         "Kab. Bengkayang",
         "Kab. Kapuas Hulu",
         "Kab. Sintang ",
         "Kab. Ketapang",
         "Kab. Sanggau ",
         "Kab. Pontianak",
         "Kab. Sambas"
      ]
   },
   "21":{
      "Kalimantan Tengah":[
         "Kota Palangkaraya",
         "Kab. Barito Timur",
         "Kab. Murung Raya",
         "Kab. Pulang Pisau",
         "Kab. Gunung Mas",
         "Kab. Lamandau",
         "Kab. Sukamara",
         "Kab. Seruyan",
         "Kab. Katingin",
         "Kab. Barito Utara",
         "Kab. Barito Selatan",
         "Kab. Kapuas",
         "Kab. Kotawaringin Timur",
         "Kab. Kotawaringin Barat"
      ]
   },
   "22":{
      "Kalimanta Selatan":[
         "Kota Banjarbaru",
         "Kota Banjarmasin",
         "Kab. Balangan",
         "Kab. Tanah Bambu",
         "Kab. Tabalong",
         "Kab. Hulu Sungai Utara",
         "Kab. Hulu Sungai Tengah",
         "Kab. Hulu Sungai Selatan",
         "Kab. Tapin",
         "Kab. Barito Kuala",
         "Kab. Banjar",
         "Kab. Kotabaru",
         "Kab. Tanah Laut"
      ]
   },
   "23":{
      "Kalimantan Timur":[
         "Kota Bontang",
         "Kota Tarakan",
         "Kota Samarinda",
         "Kota Balikpapan",
         "Kab. Penajam Paser Utara",
         "Kab. Kutai Timur",
         "Kab. Kutai Barat",
         "Kab. Malinau",
         "Kab. Nunukan",
         "Kab. Bulungan",
         "Kab. Berau",
         "Kab. Kutai Kertanegara",
         "Kab. Pasir"
      ]
   },
   "24":{
      "Sulawesi Utara":[
         "Kota Tomohon",
         "Kota Bitung",
         "Kota Manado",
         "Kab. Minahasa Utara",
         "Kab. Minahasa Selatan",
         "Kab. Kepulauan Talaud",
         "Kab. Kepulauan Sangihe",
         "Kab. Minahasa ",
         "Kab. Bolaang Mangondow"
      ]
   },
   "25":{
      "Sulawesi Tengah":[
         "Kota Palu",
         "Kab. Tojo Una Una",
         "Kab. Parigi Moutong",
         "Kab. Banggai Kepulauan",
         "Kab. Morowali",
         "Kab. Buol",
         "Kab. Toloi Toli",
         "Kab. Donggala",
         "Kab. Poso ",
         "Kab. Banggai"
      ]
   },
   "26":{
      "Sulawesi Selatan":[
         "Kota Palopo",
         "Kota Pare Pare",
         "Kota Makasar",
         "Kab. Luwu Timur",
         "Kab. Luwu Utara",
         "Kab. Tana Toraja",
         "Kab. Luwu",
         "Kab. Enrekang",
         "Kab. Pinrang",
         "Kab. Sidenreng Rapang",
         "Kab. Wajo",
         "Kab. Soppeng",
         "Kab. Barru",
         "Kab. Pangkajene Kep.",
         "Kab. Maros",
         "Kab. Bone",
         "Kab. Sinjai",
         "Kab. Gowa",
         "Kab. Takalar",
         "Kab. Jeneponto.",
         "Kab. Bantaeng",
         "Kab. Bulukumba",
         "Kab. Selayar"
      ]
   },
   "27":{
      "Sulawesi Tenggara":[
         "Kota Bau Bau",
         "Kota Kendari",
         "Kab. Kolaka Utara",
         "Kab. Wakatobi",
         "Kab. Bombana",
         "Kab. Konawe Selatan",
         "Kab. Buton",
         "Kab. Muna",
         "Kab. Konawe",
         "Kab. Kolaka"
      ]
   },
   "28":{
      "Gorontalo ":[
         {
            "Kota Gorontalo": [
               "Kota Selatan",
               "Kota Utara",
               "Kota Barat",
               "Kota Timur",
               "Kota Tengah",
               "Dungingi",
               "Dumbo Raya",
               "Hulonthalangi",
               "Sipatana"
            ]
         },
         {
            "Kab. Pohuwato": [
               "Buntulia",
               "Dengilo",
               "Duhiadaa",
               "Lemito",
               "Marisa",
               "Paguat",
               "Patilanggio",
               "Popayato",
               "Popayato Barat",
               "Popayato Timur",
               "Randangan",
               "Taluditi",
               "Wanggarasi"
            ]
         },
         {
            "Kab. Bone Bolango": [
               "Bone",
               "Bone Raya",
               "Bone Pantai",
               "Botu Pingge",
               "Bulango Selatan",
               "Bulango Timur",
               "Bulango Ulu",
               "Bulango Utara",
               "Bulawa",
               "Kabila",
               "Kabila Bone",
               "Pinogu",
               "Suwawa",
               "Suwawa Selatan",
               "Suwawa Tengah",
               "Suwawa Timur",
               "Tapa",
               "Tilongkabila"
            ]
         },
         {
            "Kab. Boalemo": [
               "Botumoito",
               "Dulupi",
               "Mananggu",
               "Paguyaman",
               "Paguyaman Pantai",
               "Tilamuta",
               "Wonosari"
            ]
         },
         {
            "Kab. Gorontalo": [
               "Asparaga",
               "Dungaliyo",
               "Batudaa",
               "Batudaa Pantai",
               "Bilato",
               "Biluhu",
               "Boliyohuto",
               "Bongomeme",
               "Limboto",
               "Limboto Barat",
               "Mootilango",
               "Pulubala",
               "Tabongo",
               "Telaga",
               "Telaga Biru",
               "Telaga Jaya",
               "Tibawa",
               "Tilango",
               "Tolangohula"
            ]
         },
         {
            "Kab. Gorontalo Utara": [
               "Anggrek",
               "Atinggola",
               "Biau",
               "Gentuma Raya",
               "Kwandang",
               "Monano",
               "Ponelo Kepulauan",
               "Sumalata",
               "Sumalata Timur",
               "Tolinggula",
               "Tomilito"
            ]
         }
      ]
   },
   "29":{
      "Sulawesi Barat":[
         "Kab. Majene",
         "Kab. Polowali Mamasa",
         "Kab. Mamasa",
         "Kab. Mamuju",
         "Kab. Mamuju Utara"
      ]
   },
   "30":{
      "Maluku":[
         "Kota Ambon",
         "Kab. Kepulauan Aru",
         "Kab. Seram Bagian Barat ",
         "Kab. Seram Bagian Timur",
         "Kab. Buru",
         "Kab. Maluku Tenggara Brt",
         "Kab. Maluku Tenggara ",
         "Kab. Maluku Tengah "
      ]
   },
   "31":{
      "Maluku Utara":[
         "Kota Tidore Kepulauan",
         "Kota Ternate",
         "Kab. Halmahera Timur",
         "Kab. Kepulauan Sula",
         "Kab. Halmahera Selatan",
         "Kab. Halmahera Utara",
         "Kab. Halmahera Tengah",
         "Kab. Halmahera Barat"
      ]
   },
   "32":{
      "Papua":[
         "Kota Jayapura",
         "Kab. Supiori",
         "Kab. Asmat",
         "Kab. Mappi",
         "Kab. Boven Digoel",
         "Kab. Waropen",
         "Kab. Tolikara",
         "Kab. Yahukimo",
         "Kab. Pegunungan Bintang",
         "Kab. Keerom",
         "Kab. Sarmi",
         "Kab. Mimika",
         "Kab. Paniai",
         "Kab. Puncak Jaya",
         "Kab. Biak Numfor",
         "Kab. Yapen Waropen",
         "Kab. Nabire",
         "Kab. Jayapura",
         "Kab. Jayawijaya",
         "Kab. Merauke"
      ]
   },
   "33":{
      "Papua Barat":[
         "Kota Sorong",
         "Kab. Kaima",
         "Kab. Teluk Wondama",
         "Kab. Teluk Bentuni",
         "Kab. Raja Ampat",
         "Kab. Sorong Selatan",
         "Kab. Fak Fak",
         "Kab. Manokwari",
         "Kab. Sorong"
      ]
   }
}
